{"cameraMode":{"drawMode":0,"name":"Shaded","section":"Shading Mode"},"sceneLighting":false,"audioPlay":false,"sceneViewState":{"showFog":true,"showMaterialUpdate":false,"showSkybox":false,"showFlares":true,"showImageEffects":true,"showParticleSystems":true},"in2DMode":false,"pivot":{"x":1.309999942779541,"y":1.104236364364624,"z":2.799999952316284},"rotation":{"x":0.17283667623996736,"y":-0.08147221803665161,"z":0.014352589845657349,"w":0.9814937114715576},"size":2.431673526763916,"orthographic":false}