{"cameraMode":{"drawMode":0,"name":"Shaded","section":"Shading Mode"},"sceneLighting":false,"audioPlay":false,"sceneViewState":{"showFog":true,"showMaterialUpdate":false,"showSkybox":false,"showFlares":true,"showImageEffects":true,"showParticleSystems":true},"in2DMode":false,"pivot":{"x":2.427000045776367,"y":0.8510000705718994,"z":4.554999828338623},"rotation":{"x":-0.16810406744480134,"y":-0.7280195355415344,"z":0.19234366714954377,"w":-0.6362156867980957},"size":1.0799305438995362,"orthographic":false}